text,label
우울하니까 보고서가 엉망일 것 같아.,감정적 추론
걱정되니까 회사에서 내가 무능하다고 생각할 것 같아.,감정적 추론
불안하니까 회의 준비를 망칠 것 같아.,감정적 추론
무기력하니까 기한을 넘길 것 같아.,감정적 추론
외로우니까 팀에서 따돌림당할 것 같아.,감정적 추론
속상하니까 일정에 맞추지 못할 것 같아.,감정적 추론
답답하니까 내가 업무를 처리하는 방식을 싫어할 것 같아.,감정적 추론
속상하니까 나 때문에 팀이 실패할 것 같아.,감정적 추론
절망스러워서 상사가 나에게 실망한 눈빛을 보낼 것 같아.,감정적 추론
창피해서 출장을 완전히 망칠 것 같아.,감정적 추론
죄책감 드니까 일을 제대로 끝내지 못할 것 같아.,감정적 추론
답답하니까 팀원들이 나를 믿지 않을 것 같아.,감정적 추론
답답하니까 일을 제대로 끝내지 못할 것 같아.,감정적 추론
걱정되니까 업무 일정이 모두 틀어질 것 같아.,감정적 추론
소외감을 느끼니까 업무 처리가 미흡할 것 같아.,감정적 추론
긴장돼서 내가 업무를 처리하는 방식을 싫어할 것 같아.,감정적 추론
찝찝하니까 상사가 나에게 실망한 눈빛을 보낼 것 같아.,감정적 추론
절망스러워서 기한을 넘길 것 같아.,감정적 추론
속상하니까 내가 업무를 처리하는 방식을 싫어할 것 같아.,감정적 추론
찝찝하니까 팀 프로젝트가 내 탓으로 실패할 것 같아.,감정적 추론
실망스러우니까 중요한 발표에서 머릿속이 하얘질 것 같아.,감정적 추론
허탈하니까 동료들이 나를 방해자로 여길 것 같아.,감정적 추론
긴장돼서 팀원들이 나를 믿지 않을 것 같아.,감정적 추론
소외감을 느끼니까 팀워크를 무너뜨릴 것 같아.,감정적 추론
외로우니까 상사가 나를 향해 실망할 것 같아.,감정적 추론
죄책감 드니까 상사는 내 실적을 과소평가할 것 같아.,감정적 추론
초조하니까 회사에서 나를 나무랄 것 같아.,감정적 추론
죄책감 드니까 상사가 내 의견을 무시할 것 같아.,감정적 추론
지치니까 회사에서 나를 불편해할 것 같아.,감정적 추론
분하니까 팀워크를 무너뜨릴 것 같아.,감정적 추론
외로우니까 기한을 넘길 것 같아.,감정적 추론
찝찝하니까 프로젝트를 망칠 것 같아.,감정적 추론
지치니까 회사 사람들은 내가 해낼 수 없다고 생각할 것 같아.,감정적 추론
분하니까 일을 제대로 끝내지 못할 것 같아.,감정적 추론
속상하니까 상사가 나에게 화를 낼 것 같아.,감정적 추론
부담돼서 회의에서 말실수를 할 것 같아.,감정적 추론
화가 나니까 상사는 내가 제출한 자료를 싫어할 것 같아.,감정적 추론
걱정되니까 기한을 넘길 것 같아.,감정적 추론
화가 나니까 일 때문에 좌천될 것 같아.,감정적 추론
찝찝하니까 승진을 놓칠 것 같아.,감정적 추론
창피해서 협상에서 말 한마디도 못할 것 같아.,감정적 추론
불안하니까 회의 발표를 망칠 것 같아.,감정적 추론
화가 나니까 상사가 나를 투명인간 취급할 것 같아.,감정적 추론
우울하니까 상사가 나를 투명인간 취급할 것 같아.,감정적 추론
불안하니까 협상에서 말 한마디도 못할 것 같아.,감정적 추론
답답하니까 상사는 내가 제출한 자료를 싫어할 것 같아.,감정적 추론
당황해서 출장을 완전히 망칠 것 같아.,감정적 추론
불안하니까 회사에서 해고당할 것 같아.,감정적 추론
죄책감 드니까 나 때문에 팀이 실패할 것 같아.,감정적 추론
절망스러워서 회사에서 해고당할 것 같아.,감정적 추론
소외감을 느끼니까 동료들이 나를 싫어할 것 같아.,감정적 추론
창피해서 상사가 내 의견을 무시할 것 같아.,감정적 추론
실망스러우니까 출장을 완전히 망칠 것 같아.,감정적 추론
지치니까 일정에 맞추지 못할 것 같아.,감정적 추론
절망스러워서 회사에서 나를 나무랄 것 같아.,감정적 추론
혼란스러워서 상사가 나를 투명인간 취급할 것 같아.,감정적 추론
절망스러워서 팀 프로젝트가 내 탓으로 실패할 것 같아.,감정적 추론
당황해서 상사가 나에게 화를 낼 것 같아.,감정적 추론
지치니까 회사에서 내가 무능하다고 생각할 것 같아.,감정적 추론
화가 나니까 내가 팀에 도움이 되지 않을 것 같아.,감정적 추론
답답하니까 일에 집중하지 못해 실수를 연달아 할 것 같아.,감정적 추론
지치니까 업무 평가에서 최악의 점수를 받을 것 같아.,감정적 추론
초조하니까 업무 일정이 모두 틀어질 것 같아.,감정적 추론
죄책감 드니까 업무 일정이 모두 틀어질 것 같아.,감정적 추론
무기력하니까 내가 업무를 처리하는 방식을 싫어할 것 같아.,감정적 추론
답답하니까 회사에서 날 필요 없다고 할 것 같아.,감정적 추론
무기력하니까 회의에서 바보처럼 보일 것 같아.,감정적 추론
찝찝하니까 회사에 피해를 줄 것 같아.,감정적 추론
소외감을 느끼니까 상사가 나를 꾸짖을 것 같아.,감정적 추론
질투나니까 회사에서 나를 불편해할 것 같아.,감정적 추론
소외감을 느끼니까 직장에서 인정받지 못할 것 같아.,감정적 추론
불안하니까 중요한 일을 실패할 것 같아.,감정적 추론
질투나니까 회의에서 말실수를 할 것 같아.,감정적 추론
외로우니까 회의에서 말실수를 할 것 같아.,감정적 추론
걱정되니까 상사가 내 의견을 무시할 것 같아.,감정적 추론
외로우니까 일정에 맞추지 못할 것 같아.,감정적 추론
긴장돼서 업무 처리가 미흡할 것 같아.,감정적 추론
답답하니까 직장에서 나를 다시 안 뽑을 것 같아.,감정적 추론
절망스러워서 회사에서 나를 불편해할 것 같아.,감정적 추론
불안하니까 회사에서 나를 나무랄 것 같아.,감정적 추론
화가 나니까 승진을 놓칠 것 같아.,감정적 추론
속상하니까 팀원들이 나를 믿지 않을 것 같아.,감정적 추론
긴장돼서 회사에서 나를 나무랄 것 같아.,감정적 추론
죄책감 드니까 중요한 발표에서 머릿속이 하얘질 것 같아.,감정적 추론
긴장돼서 회사 사람들은 내가 해낼 수 없다고 생각할 것 같아.,감정적 추론
초조하니까 중요한 일을 실패할 것 같아.,감정적 추론
질투나니까 중요한 일을 실패할 것 같아.,감정적 추론
우울하니까 상사는 내 실적을 과소평가할 것 같아.,감정적 추론
초조하니까 상사는 내 실적을 과소평가할 것 같아.,감정적 추론
죄책감 드니까 회사에서 나를 나무랄 것 같아.,감정적 추론
당황해서 회사에 피해를 줄 것 같아.,감정적 추론
허탈하니까 기한을 넘길 것 같아.,감정적 추론
소외감을 느끼니까 중요한 일을 실패할 것 같아.,감정적 추론
화가 나니까 나 때문에 팀이 실패할 것 같아.,감정적 추론
두려우니까 회의에서 말실수를 할 것 같아.,감정적 추론
죄책감 드니까 회의 준비를 망칠 것 같아.,감정적 추론
초조하니까 중요한 발표에서 머릿속이 하얘질 것 같아.,감정적 추론
죄책감 드니까 동료들이 나를 방해자로 여길 것 같아.,감정적 추론
질투나니까 팀원들이 나를 믿지 않을 것 같아.,감정적 추론
지치니까 상사가 나에게 실망한 눈빛을 보낼 것 같아.,감정적 추론
절망스러워서 업무 평가에서 최악의 점수를 받을 것 같아.,감정적 추론
긴장돼서 나 때문에 팀이 실패할 것 같아.,감정적 추론
불안하니까 상사가 나에게 실망한 눈빛을 보낼 것 같아.,감정적 추론
당황해서 직장에서 인정받지 못할 것 같아.,감정적 추론
죄책감 드니까 중요한 일을 실패할 것 같아.,감정적 추론
화가 나니까 동료들이 나를 무시할 것 같아.,감정적 추론
창피해서 일에 집중하지 못해 실수를 연달아 할 것 같아.,감정적 추론
찝찝하니까 출장을 완전히 망칠 것 같아.,감정적 추론
지치니까 상사는 내 실적을 과소평가할 것 같아.,감정적 추론
걱정되니까 팀워크를 무너뜨릴 것 같아.,감정적 추론
질투나니까 회사 생활이 더 힘들어질 것 같아.,감정적 추론
창피해서 일을 제대로 끝내지 못할 것 같아.,감정적 추론
찝찝하니까 동료들이 나를 무시할 것 같아.,감정적 추론
분하니까 직장에서 인정받지 못할 것 같아.,감정적 추론
무기력하니까 직장에서 나를 다시 안 뽑을 것 같아.,감정적 추론
긴장돼서 팀워크를 무너뜨릴 것 같아.,감정적 추론
소외감을 느끼니까 일을 제대로 끝내지 못할 것 같아.,감정적 추론
우울하니까 일 때문에 좌천될 것 같아.,감정적 추론
죄책감 드니까 회사에서 내가 무능하다고 생각할 것 같아.,감정적 추론
질투나니까 일에 집중하지 못해 실수를 연달아 할 것 같아.,감정적 추론
질투나니까 상사는 내 실적을 과소평가할 것 같아.,감정적 추론
분하니까 상사가 나를 좋게 보지 않을 것 같아.,감정적 추론
지치니까 상사가 내 의견을 무시할 것 같아.,감정적 추론
지치니까 협상에서 말 한마디도 못할 것 같아.,감정적 추론
화가 나니까 직장에서 인정받지 못할 것 같아.,감정적 추론
무기력하니까 상사가 나를 꾸짖을 것 같아.,감정적 추론
초조하니까 프로젝트를 망칠 것 같아.,감정적 추론
찝찝하니까 팀에서 따돌림당할 것 같아.,감정적 추론
질투나니까 상사는 내가 제출한 자료를 싫어할 것 같아.,감정적 추론
긴장돼서 일 때문에 좌천될 것 같아.,감정적 추론
혼란스러워서 회사에 피해를 줄 것 같아.,감정적 추론
불안하니까 회사에서 내가 무능하다고 생각할 것 같아.,감정적 추론
무기력하니까 회의 준비를 망칠 것 같아.,감정적 추론
절망스러워서 상사는 내 실적을 과소평가할 것 같아.,감정적 추론
분하니까 회사에 피해를 줄 것 같아.,감정적 추론
질투나니까 협상에서 말 한마디도 못할 것 같아.,감정적 추론
당황해서 직장에서 나를 다시 안 뽑을 것 같아.,감정적 추론
긴장돼서 상사가 내 의견을 무시할 것 같아.,감정적 추론
죄책감 드니까 회의에서 말실수를 할 것 같아.,감정적 추론
무기력하니까 회의에서 말실수를 할 것 같아.,감정적 추론
답답하니까 상사가 나를 좋게 보지 않을 것 같아.,감정적 추론
불안하니까 회사에 피해를 줄 것 같아.,감정적 추론
답답하니까 동료들이 나를 싫어할 것 같아.,감정적 추론
분하니까 회의 발표를 망칠 것 같아.,감정적 추론
찝찝하니까 회의에서 바보처럼 보일 것 같아.,감정적 추론
부담돼서 일에 집중하지 못해 실수를 연달아 할 것 같아.,감정적 추론
절망스러워서 직장에서 인정받지 못할 것 같아.,감정적 추론
외로우니까 상사가 내 의견을 무시할 것 같아.,감정적 추론
분하니까 상사가 나를 투명인간 취급할 것 같아.,감정적 추론
속상하니까 회사 생활이 더 힘들어질 것 같아.,감정적 추론
분하니까 동료들이 나를 싫어할 것 같아.,감정적 추론
화가 나니까 상사가 나를 좋게 보지 않을 것 같아.,감정적 추론
화가 나니까 내가 업무를 처리하는 방식을 싫어할 것 같아.,감정적 추론
불안하니까 팀 프로젝트가 내 탓으로 실패할 것 같아.,감정적 추론
걱정되니까 상사가 나를 향해 실망할 것 같아.,감정적 추론
소외감을 느끼니까 회사에 피해를 줄 것 같아.,감정적 추론
당황해서 회사에서 나를 불편해할 것 같아.,감정적 추론
초조하니까 회사에서 해고당할 것 같아.,감정적 추론
죄책감 드니까 상사가 나에게 화를 낼 것 같아.,감정적 추론
속상하니까 출장을 완전히 망칠 것 같아.,감정적 추론
두려우니까 직장에서 인정받지 못할 것 같아.,감정적 추론
불안하니까 일 때문에 좌천될 것 같아.,감정적 추론
찝찝하니까 보고서가 엉망일 것 같아.,감정적 추론
혼란스러워서 상사가 내 실수만 기억할 것 같아.,감정적 추론
창피해서 회의에서 말실수를 할 것 같아.,감정적 추론
부담돼서 업무 평가에서 최악의 점수를 받을 것 같아.,감정적 추론
허탈하니까 업무 처리가 미흡할 것 같아.,감정적 추론
긴장돼서 업무 일정이 모두 틀어질 것 같아.,감정적 추론
당황해서 중요한 일을 실패할 것 같아.,감정적 추론
부담돼서 기한을 넘길 것 같아.,감정적 추론
창피해서 상사가 나를 꾸짖을 것 같아.,감정적 추론
부담돼서 동료들이 나를 방해자로 여길 것 같아.,감정적 추론
답답하니까 상사가 나에게 실망한 눈빛을 보낼 것 같아.,감정적 추론
당황해서 회의에서 바보처럼 보일 것 같아.,감정적 추론
소외감을 느끼니까 일에 집중하지 못해 실수를 연달아 할 것 같아.,감정적 추론
두려우니까 회의에서 바보처럼 보일 것 같아.,감정적 추론
부담돼서 회사에 피해를 줄 것 같아.,감정적 추론
당황해서 회사 사람들은 내가 해낼 수 없다고 생각할 것 같아.,감정적 추론
두려우니까 일에 집중하지 못해 실수를 연달아 할 것 같아.,감정적 추론
초조하니까 회사에 피해를 줄 것 같아.,감정적 추론
불안하니까 회의에서 바보처럼 보일 것 같아.,감정적 추론
죄책감 드니까 팀에서 따돌림당할 것 같아.,감정적 추론
찝찝하니까 팀워크를 무너뜨릴 것 같아.,감정적 추론
화가 나니까 프로젝트를 망칠 것 같아.,감정적 추론
우울하니까 회사에서 나를 불편해할 것 같아.,감정적 추론
허탈하니까 일 때문에 좌천될 것 같아.,감정적 추론
절망스러워서 프로젝트를 망칠 것 같아.,감정적 추론
외로우니까 상사가 내 실수만 기억할 것 같아.,감정적 추론
답답하니까 회의에서 바보처럼 보일 것 같아.,감정적 추론
외로우니까 중요한 발표에서 머릿속이 하얘질 것 같아.,감정적 추론
걱정되니까 회사에 피해를 줄 것 같아.,감정적 추론
화가 나니까 협상에서 말 한마디도 못할 것 같아.,감정적 추론
허탈하니까 나 때문에 팀이 실패할 것 같아.,감정적 추론
지치니까 중요한 발표에서 머릿속이 하얘질 것 같아.,감정적 추론
허탈하니까 협상에서 말 한마디도 못할 것 같아.,감정적 추론
당황해서 회사에서 나를 나무랄 것 같아.,감정적 추론
속상하니까 회사에 피해를 줄 것 같아.,감정적 추론
긴장돼서 프로젝트를 망칠 것 같아.,감정적 추론
부담돼서 업무 일정이 모두 틀어질 것 같아.,감정적 추론
답답하니까 회의 준비를 망칠 것 같아.,감정적 추론
실망스러우니까 회사에서 나를 나무랄 것 같아.,감정적 추론
실망스러우니까 업무 처리가 미흡할 것 같아.,감정적 추론
절망스러워서 협상에서 말 한마디도 못할 것 같아.,감정적 추론
소외감을 느끼니까 프로젝트를 망칠 것 같아.,감정적 추론
두려우니까 직장에서 나를 다시 안 뽑을 것 같아.,감정적 추론
실망스러우니까 보고서가 엉망일 것 같아.,감정적 추론
소외감을 느끼니까 팀원들이 나를 믿지 않을 것 같아.,감정적 추론
창피해서 팀원들이 나를 믿지 않을 것 같아.,감정적 추론
외로우니까 회사에서 나를 불편해할 것 같아.,감정적 추론
절망스러워서 상사가 내 실수만 기억할 것 같아.,감정적 추론
혼란스러워서 회사에서 내가 무능하다고 생각할 것 같아.,감정적 추론
찝찝하니까 기한을 넘길 것 같아.,감정적 추론
질투나니까 회의 준비를 망칠 것 같아.,감정적 추론
외로우니까 프로젝트를 망칠 것 같아.,감정적 추론
두려우니까 상사가 나를 좋게 보지 않을 것 같아.,감정적 추론
허탈하니까 직장에서 나를 다시 안 뽑을 것 같아.,감정적 추론
당황해서 나 때문에 팀이 실패할 것 같아.,감정적 추론
답답하니까 회사에 피해를 줄 것 같아.,감정적 추론
초조하니까 상사가 내 실수만 기억할 것 같아.,감정적 추론
지치니까 출장을 완전히 망칠 것 같아.,감정적 추론
우울하니까 회사에서 날 필요 없다고 할 것 같아.,감정적 추론
절망스러워서 일정에 맞추지 못할 것 같아.,감정적 추론
창피해서 회사에서 나를 나무랄 것 같아.,감정적 추론
초조하니까 회의 발표를 망칠 것 같아.,감정적 추론
무기력하니까 출장을 완전히 망칠 것 같아.,감정적 추론
허탈하니까 보고서가 엉망일 것 같아.,감정적 추론
분하니까 일에 집중하지 못해 실수를 연달아 할 것 같아.,감정적 추론
부담돼서 중요한 발표에서 머릿속이 하얘질 것 같아.,감정적 추론
질투나니까 보고서가 엉망일 것 같아.,감정적 추론
부담돼서 회사에서 날 필요 없다고 할 것 같아.,감정적 추론
실망스러우니까 상사는 내 실적을 과소평가할 것 같아.,감정적 추론
죄책감 드니까 상사는 내가 제출한 자료를 싫어할 것 같아.,감정적 추론
혼란스러워서 출장을 완전히 망칠 것 같아.,감정적 추론
걱정되니까 회사에서 해고당할 것 같아.,감정적 추론
화가 나니까 상사는 내 실적을 과소평가할 것 같아.,감정적 추론
우울하니까 팀에서 따돌림당할 것 같아.,감정적 추론
실망스러우니까 상사가 내 실수만 기억할 것 같아.,감정적 추론
불안하니까 회의에서 말실수를 할 것 같아.,감정적 추론
분하니까 내가 업무를 처리하는 방식을 싫어할 것 같아.,감정적 추론
혼란스러워서 회사에서 해고당할 것 같아.,감정적 추론
부담돼서 시험을 망칠 것 같아.,감정적 추론
초조하니까 동기들은 다 잘하는데 나만 못할 것 같아.,감정적 추론
실망스러우니까 중요한 과제를 놓칠 것 같아.,감정적 추론
걱정되니까 졸업 작품이 망할 것 같아.,감정적 추론
속상하니까 수강신청에 실패할 것 같아.,감정적 추론
초조하니까 교수님이 내 질문을 비웃을 것 같아.,감정적 추론
당황해서 과제를 제출하는 걸 잊을 것 같아.,감정적 추론
답답하니까 답안을 모두 틀릴 것 같아.,감정적 추론
화가 나니까 실험 결과가 틀릴 것 같아.,감정적 추론
절망스러워서 실험 결과가 틀릴 것 같아.,감정적 추론
불안하니까 과제를 제출하는 걸 잊을 것 같아.,감정적 추론
실망스러우니까 수강신청에 실패할 것 같아.,감정적 추론
질투나니까 학점이 떨어질 것 같아.,감정적 추론
당황해서 시험 준비가 틀렸을 것 같아.,감정적 추론
창피해서 기말 시험을 망칠 것 같아.,감정적 추론
속상하니까 테스트에서 제일 낮은 점수를 받을 것 같아.,감정적 추론
죄책감 드니까 교수님이 내 보고서를 싫어할 것 같아.,감정적 추론
혼란스러워서 기말 시험을 망칠 것 같아.,감정적 추론
분하니까 졸업을 못 할 것 같아.,감정적 추론
무기력하니까 다음 시험도 망칠 것 같아.,감정적 추론
허탈하니까 시험 범위를 잘못 공부했을 것 같아.,감정적 추론
찝찝하니까 답안을 모두 틀릴 것 같아.,감정적 추론
절망스러워서 시험 시간에 머리가 멍해질 것 같아.,감정적 추론
두려우니까 장학금을 못 받을 것 같아.,감정적 추론
불안하니까 졸업 작품이 망할 것 같아.,감정적 추론
혼란스러워서 교수님이 내 질문을 비웃을 것 같아.,감정적 추론
실망스러우니까 취업 준비가 실패할 것 같아.,감정적 추론
찝찝하니까 학점 F 받을 것 같아.,감정적 추론
화가 나니까 취업 준비가 실패할 것 같아.,감정적 추론
초조하니까 실험 결과가 틀릴 것 같아.,감정적 추론
우울하니까 시험지 받아 들고 멘붕 올 것 같아.,감정적 추론
당황해서 시험을 망칠 것 같아.,감정적 추론
분하니까 선생님이 나를 포기할 것 같아.,감정적 추론
찝찝하니까 시험 문제를 하나도 못 풀 것 같아.,감정적 추론
걱정되니까 시험지 받아 들고 멘붕 올 것 같아.,감정적 추론
당황해서 연구 발표를 망칠 것 같아.,감정적 추론
긴장돼서 선생님이 나를 포기할 것 같아.,감정적 추론
실망스러우니까 성적이 최악일 것 같아.,감정적 추론
분하니까 논문 심사에서 탈락할 것 같아.,감정적 추론
불안하니까 학회 발표에서 창피를 당할 것 같아.,감정적 추론
분하니까 동기들은 다 잘하는데 나만 못할 것 같아.,감정적 추론
답답하니까 과제를 제출하는 걸 잊을 것 같아.,감정적 추론
긴장돼서 성적이 최악일 것 같아.,감정적 추론
실망스러우니까 선생님이 나를 포기할 것 같아.,감정적 추론
허탈하니까 수업을 따라가지 못할 것 같아.,감정적 추론
속상하니까 실험 결과가 틀릴 것 같아.,감정적 추론
긴장돼서 시험 준비가 틀렸을 것 같아.,감정적 추론
불안하니까 시험을 망칠 것 같아.,감정적 추론
허탈하니까 중요한 과제를 놓칠 것 같아.,감정적 추론
속상하니까 공부한 것이 아무 소용 없을 것 같아.,감정적 추론
초조하니까 중요한 과제를 놓칠 것 같아.,감정적 추론
허탈하니까 수업 중에 이해를 못할 것 같아.,감정적 추론
지치니까 학위 논문이 통과되지 않을 것 같아.,감정적 추론
부담돼서 답안을 모두 틀릴 것 같아.,감정적 추론
두려우니까 결국 재수강해야 할 것 같아.,감정적 추론
속상하니까 합격은 무리일 것 같아.,감정적 추론
화가 나니까 레포트에 오류투성이일 것 같아.,감정적 추론
초조하니까 시험 범위를 잘못 공부했을 것 같아.,감정적 추론
불안하니까 학점 F 받을 것 같아.,감정적 추론
화가 나니까 시험 문제를 하나도 못 풀 것 같아.,감정적 추론
답답하니까 교수가 나를 싫어할 것 같아.,감정적 추론
속상하니까 교수님이 내 보고서를 싫어할 것 같아.,감정적 추론
허탈하니까 교수님이 내 보고서를 싫어할 것 같아.,감정적 추론
절망스러워서 수업 중에 이해를 못할 것 같아.,감정적 추론
혼란스러워서 수업을 따라가지 못할 것 같아.,감정적 추론
불안하니까 시험 범위를 잘못 공부했을 것 같아.,감정적 추론
소외감을 느끼니까 선생님이 나를 포기할 것 같아.,감정적 추론
속상하니까 시험지 받아 들고 멘붕 올 것 같아.,감정적 추론
창피해서 성적이 최악일 것 같아.,감정적 추론
죄책감 드니까 논문 심사에서 탈락할 것 같아.,감정적 추론
창피해서 시험지 받아 들고 멘붕 올 것 같아.,감정적 추론
소외감을 느끼니까 기말 시험을 망칠 것 같아.,감정적 추론
찝찝하니까 시험 범위를 잘못 공부했을 것 같아.,감정적 추론
답답하니까 장학금을 못 받을 것 같아.,감정적 추론
지치니까 교수님이 내 보고서를 싫어할 것 같아.,감정적 추론
우울하니까 중요한 과제를 놓칠 것 같아.,감정적 추론
걱정되니까 졸업을 못 할 것 같아.,감정적 추론
외로우니까 대학원 입시에서 떨어질 것 같아.,감정적 추론
답답하니까 졸업을 못 할 것 같아.,감정적 추론
답답하니까 프레젠테이션에서 말문이 막힐 것 같아.,감정적 추론
긴장돼서 실험 결과가 틀릴 것 같아.,감정적 추론
걱정되니까 학위 논문이 통과되지 않을 것 같아.,감정적 추론
두려우니까 시험 준비가 틀렸을 것 같아.,감정적 추론
화가 나니까 과제가 엉망일 것 같아.,감정적 추론
무기력하니까 졸업을 못 할 것 같아.,감정적 추론
창피해서 논문 심사에서 탈락할 것 같아.,감정적 추론
초조하니까 다음 시험도 망칠 것 같아.,감정적 추론
화가 나니까 교수님이 내 질문을 비웃을 것 같아.,감정적 추론
분하니까 과제가 엉망일 것 같아.,감정적 추론
절망스러워서 참가한 대회에서 탈락할 것 같아.,감정적 추론
창피해서 시험 시간에 머리가 멍해질 것 같아.,감정적 추론
긴장돼서 입시에 떨어질 것 같아.,감정적 추론
허탈하니까 논문 심사에서 탈락할 것 같아.,감정적 추론
창피해서 팀 프로젝트를 망칠 것 같아.,감정적 추론
속상하니까 시험 시간에 머리가 멍해질 것 같아.,감정적 추론
불안하니까 실험 결과가 틀릴 것 같아.,감정적 추론
찝찝하니까 학위 논문이 통과되지 않을 것 같아.,감정적 추론
긴장돼서 모두가 나보다 잘할 것 같아.,감정적 추론
질투나니까 내 학업은 실패로 끝날 것 같아.,감정적 추론
두려우니까 모두가 나보다 잘할 것 같아.,감정적 추론
찝찝하니까 프레젠테이션에서 말문이 막힐 것 같아.,감정적 추론
두려우니까 출석을 까먹을 것 같아.,감정적 추론
지치니까 논문 심사에서 탈락할 것 같아.,감정적 추론
절망스러워서 시험지 받아 들고 멘붕 올 것 같아.,감정적 추론
질투나니까 수업을 따라가지 못할 것 같아.,감정적 추론
속상하니까 재수강하게 될 것 같아.,감정적 추론
답답하니까 선생님이 나를 포기할 것 같아.,감정적 추론
초조하니까 학회 발표에서 창피를 당할 것 같아.,감정적 추론
질투나니까 공부한 것이 아무 소용 없을 것 같아.,감정적 추론
분하니까 연구 발표를 망칠 것 같아.,감정적 추론
속상하니까 시험 범위를 잘못 공부했을 것 같아.,감정적 추론
지치니까 실험 결과가 틀릴 것 같아.,감정적 추론
죄책감 드니까 시험을 망칠 것 같아.,감정적 추론
분하니까 수업을 따라가지 못할 것 같아.,감정적 추론
죄책감 드니까 답안을 모두 틀릴 것 같아.,감정적 추론
걱정되니까 다음 시험도 망칠 것 같아.,감정적 추론
부담돼서 내 학업은 실패로 끝날 것 같아.,감정적 추론
불안하니까 다음 시험도 망칠 것 같아.,감정적 추론
걱정되니까 학점이 떨어질 것 같아.,감정적 추론
걱정되니까 테스트에서 제일 낮은 점수를 받을 것 같아.,감정적 추론
혼란스러워서 교수님이 내 보고서를 싫어할 것 같아.,감정적 추론
실망스러우니까 내 학업은 실패로 끝날 것 같아.,감정적 추론
초조하니까 수업 중에 이해를 못할 것 같아.,감정적 추론
찝찝하니까 논문 심사에서 탈락할 것 같아.,감정적 추론
죄책감 드니까 수업 발표를 망칠 것 같아.,감정적 추론
외로우니까 참가한 대회에서 탈락할 것 같아.,감정적 추론
속상하니까 수업 발표를 망칠 것 같아.,감정적 추론
무기력하니까 졸업 작품이 망할 것 같아.,감정적 추론
두려우니까 실험 결과가 틀릴 것 같아.,감정적 추론
찝찝하니까 학점이 떨어질 것 같아.,감정적 추론
분하니까 출석을 까먹을 것 같아.,감정적 추론
질투나니까 동기들은 다 잘하는데 나만 못할 것 같아.,감정적 추론
창피해서 테스트에서 제일 낮은 점수를 받을 것 같아.,감정적 추론
초조하니까 성적이 최악일 것 같아.,감정적 추론
긴장돼서 수업 발표를 망칠 것 같아.,감정적 추론
우울하니까 결국 재수강해야 할 것 같아.,감정적 추론
당황해서 답안을 모두 틀릴 것 같아.,감정적 추론
화가 나니까 시험지 받아 들고 멘붕 올 것 같아.,감정적 추론
질투나니까 모두가 나보다 잘할 것 같아.,감정적 추론
질투나니까 시험지 받아 들고 멘붕 올 것 같아.,감정적 추론
외로우니까 수업 중에 이해를 못할 것 같아.,감정적 추론
속상하니까 과제를 제출하는 걸 잊을 것 같아.,감정적 추론
초조하니까 수업을 따라가지 못할 것 같아.,감정적 추론
실망스러우니까 참가한 대회에서 탈락할 것 같아.,감정적 추론
걱정되니까 기말 시험을 망칠 것 같아.,감정적 추론
답답하니까 참가한 대회에서 탈락할 것 같아.,감정적 추론
부담돼서 시험 문제를 하나도 못 풀 것 같아.,감정적 추론
죄책감 드니까 합격은 무리일 것 같아.,감정적 추론
죄책감 드니까 레포트에 오류투성이일 것 같아.,감정적 추론
혼란스러워서 졸업 작품이 망할 것 같아.,감정적 추론
화가 나니까 재수강하게 될 것 같아.,감정적 추론
절망스러워서 졸업 작품이 망할 것 같아.,감정적 추론
죄책감 드니까 테스트에서 제일 낮은 점수를 받을 것 같아.,감정적 추론
무기력하니까 프레젠테이션에서 말문이 막힐 것 같아.,감정적 추론
외로우니까 실험 결과가 틀릴 것 같아.,감정적 추론
혼란스러워서 시험을 망칠 것 같아.,감정적 추론
화가 나니까 장학금을 못 받을 것 같아.,감정적 추론
두려우니까 답안을 모두 틀릴 것 같아.,감정적 추론
당황해서 졸업 작품이 망할 것 같아.,감정적 추론
두려우니까 선생님이 나를 낙제시킬 것 같아.,감정적 추론
무기력하니까 내 학업은 실패로 끝날 것 같아.,감정적 추론
혼란스러워서 입시에 떨어질 것 같아.,감정적 추론
불안하니까 공부한 것이 아무 소용 없을 것 같아.,감정적 추론
절망스러워서 학위 논문이 통과되지 않을 것 같아.,감정적 추론
질투나니까 재수강하게 될 것 같아.,감정적 추론
혼란스러워서 동기들은 다 잘하는데 나만 못할 것 같아.,감정적 추론
걱정되니까 수강신청에 실패할 것 같아.,감정적 추론
외로우니까 시험 준비가 틀렸을 것 같아.,감정적 추론
허탈하니까 동기들은 다 잘하는데 나만 못할 것 같아.,감정적 추론
부담돼서 팀 프로젝트를 망칠 것 같아.,감정적 추론
분하니까 선생님이 나를 낙제시킬 것 같아.,감정적 추론
당황해서 교수님이 내 질문을 비웃을 것 같아.,감정적 추론
속상하니까 논문 심사에서 탈락할 것 같아.,감정적 추론
허탈하니까 실험 결과가 틀릴 것 같아.,감정적 추론
찝찝하니까 교수가 나를 싫어할 것 같아.,감정적 추론
외로우니까 학회 발표에서 창피를 당할 것 같아.,감정적 추론
실망스러우니까 논문 심사에서 탈락할 것 같아.,감정적 추론
초조하니까 졸업을 못 할 것 같아.,감정적 추론
외로우니까 연구 발표를 망칠 것 같아.,감정적 추론
혼란스러워서 연구 발표를 망칠 것 같아.,감정적 추론
분하니까 교수가 나를 싫어할 것 같아.,감정적 추론
속상하니까 졸업을 못 할 것 같아.,감정적 추론
외로우니까 학점 F 받을 것 같아.,감정적 추론
소외감을 느끼니까 테스트에서 제일 낮은 점수를 받을 것 같아.,감정적 추론
실망스러우니까 교수님이 내 질문을 비웃을 것 같아.,감정적 추론
화가 나니까 교수가 나를 싫어할 것 같아.,감정적 추론
허탈하니까 테스트에서 제일 낮은 점수를 받을 것 같아.,감정적 추론
긴장돼서 출석을 까먹을 것 같아.,감정적 추론
부담돼서 참가한 대회에서 탈락할 것 같아.,감정적 추론
혼란스러워서 시험 준비가 틀렸을 것 같아.,감정적 추론
두려우니까 프레젠테이션에서 말문이 막힐 것 같아.,감정적 추론
우울하니까 학점 F 받을 것 같아.,감정적 추론
초조하니까 선생님이 나를 낙제시킬 것 같아.,감정적 추론
두려우니까 논문 심사에서 탈락할 것 같아.,감정적 추론
실망스러우니까 시험 문제를 하나도 못 풀 것 같아.,감정적 추론
부담돼서 장학금을 못 받을 것 같아.,감정적 추론
혼란스러워서 학회 발표에서 창피를 당할 것 같아.,감정적 추론
속상하니까 중요한 과제를 놓칠 것 같아.,감정적 추론
무기력하니까 교수님이 내 보고서를 싫어할 것 같아.,감정적 추론
불안하니까 선생님이 나를 낙제시킬 것 같아.,감정적 추론
화가 나니까 참가한 대회에서 탈락할 것 같아.,감정적 추론
부담돼서 프레젠테이션에서 말문이 막힐 것 같아.,감정적 추론
속상하니까 선생님이 나를 낙제시킬 것 같아.,감정적 추론
불안하니까 답안을 모두 틀릴 것 같아.,감정적 추론
창피해서 학점이 떨어질 것 같아.,감정적 추론
찝찝하니까 시험 준비가 틀렸을 것 같아.,감정적 추론
외로우니까 과제를 제출하는 걸 잊을 것 같아.,감정적 추론
지치니까 내 학업은 실패로 끝날 것 같아.,감정적 추론
소외감을 느끼니까 중요한 과제를 놓칠 것 같아.,감정적 추론
화가 나니까 연구 발표를 망칠 것 같아.,감정적 추론
불안하니까 수업 발표를 망칠 것 같아.,감정적 추론
죄책감 드니까 선생님이 나를 낙제시킬 것 같아.,감정적 추론
두려우니까 성적이 최악일 것 같아.,감정적 추론
창피해서 시험 점수가 바닥일 것 같아.,감정적 추론
죄책감 드니까 중요한 과제를 놓칠 것 같아.,감정적 추론
실망스러우니까 학위 논문이 통과되지 않을 것 같아.,감정적 추론
절망스러워서 결국 재수강해야 할 것 같아.,감정적 추론
지치니까 과제가 엉망일 것 같아.,감정적 추론
소외감을 느끼니까 과제를 제출하는 걸 잊을 것 같아.,감정적 추론
분하니까 졸업 작품이 망할 것 같아.,감정적 추론
불안하니까 중요한 과제를 놓칠 것 같아.,감정적 추론
불안하니까 수강신청에 실패할 것 같아.,감정적 추론
소외감을 느끼니까 시험을 망칠 것 같아.,감정적 추론
화가 나니까 내 학업은 실패로 끝날 것 같아.,감정적 추론
당황해서 교수가 나를 싫어할 것 같아.,감정적 추론
당황해서 학점이 떨어질 것 같아.,감정적 추론
초조하니까 학점이 떨어질 것 같아.,감정적 추론
실망스러우니까 교수님이 내 보고서를 싫어할 것 같아.,감정적 추론
분하니까 공부한 것이 아무 소용 없을 것 같아.,감정적 추론
찝찝하니까 졸업을 못 할 것 같아.,감정적 추론
당황해서 출석을 까먹을 것 같아.,감정적 추론
소외감을 느끼니까 졸업 작품이 망할 것 같아.,감정적 추론
실망스러우니까 학점 F 받을 것 같아.,감정적 추론
질투나니까 시험 시간에 머리가 멍해질 것 같아.,감정적 추론
질투나니까 교수님이 내 보고서를 싫어할 것 같아.,감정적 추론
찝찝하니까 선생님이 나를 포기할 것 같아.,감정적 추론
찝찝하니까 수업 발표를 망칠 것 같아.,감정적 추론
불안하니까 입시에 떨어질 것 같아.,감정적 추론
허탈하니까 교수가 나를 싫어할 것 같아.,감정적 추론
속상하니까 레포트에 오류투성이일 것 같아.,감정적 추론
우울하니까 애인이 나를 질려할 것 같아.,감정적 추론
지치니까 사람들이 내 존재를 무시할 것 같아.,감정적 추론
걱정되니까 사람들이 나를 부담스럽게 생각할 것 같아.,감정적 추론
답답하니까 사람들이 나를 부담스럽게 느낄 것 같아.,감정적 추론
혼란스러워서 사람들이 나를 불편해할 것 같아.,감정적 추론
부담돼서 연인이 다른 사람을 만날 것 같아.,감정적 추론
절망스러워서 사람들이 나를 이해하지 못할 것 같아.,감정적 추론
걱정되니까 내가 말하면 모두 지루해할 것 같아.,감정적 추론
실망스러우니까 다들 나를 이상하게 볼 것 같아.,감정적 추론
불안하니까 다들 나를 이상하게 볼 것 같아.,감정적 추론
불안하니까 모임에서 내가 어색할 것 같아.,감정적 추론
외로우니까 사람들이 나를 불편해할 것 같아.,감정적 추론
소외감을 느끼니까 애인이 나를 질려할 것 같아.,감정적 추론
답답하니까 연인과의 관계가 오래 가지 않을 것 같아.,감정적 추론
긴장돼서 아무도 나를 친구로 생각하지 않을 것 같아.,감정적 추론
창피해서 가족이 나에게 실망할 것 같아.,감정적 추론
외로우니까 내가 말하면 모두 지루해할 것 같아.,감정적 추론
허탈하니까 사람들이 나를 피할 것 같아.,감정적 추론
초조하니까 사람들이 나를 귀찮아할 것 같아.,감정적 추론
불안하니까 대화에 끼어들지 못할 것 같아.,감정적 추론
걱정되니까 가족이 나를 챙기지 않을 것 같아.,감정적 추론
죄책감 드니까 친구들이 나와 멀어질 것 같아.,감정적 추론
걱정되니까 친구들이 나를 필요하지 않을 것 같아.,감정적 추론
속상하니까 사람들이 나를 부담스럽게 느낄 것 같아.,감정적 추론
소외감을 느끼니까 친구들이 나와 멀어질 것 같아.,감정적 추론
외로우니까 가족이 나를 사랑하지 않을 것 같아.,감정적 추론
두려우니까 모두가 나를 투명인간 취급할 것 같아.,감정적 추론
허탈하니까 연인이 내 마음을 몰라줄 것 같아.,감정적 추론
우울하니까 다들 나를 이상하게 볼 것 같아.,감정적 추론
실망스러우니까 연인이 나를 떠날 것 같아.,감정적 추론
분하니까 가족이 나에게 실망할 것 같아.,감정적 추론
분하니까 친구들이 내 실수만 생각할 것 같아.,감정적 추론
화가 나니까 연인이 다른 사람을 만날 것 같아.,감정적 추론
창피해서 아무도 내 곁에 남지 않을 것 같아.,감정적 추론
속상하니까 모임에서 나를 투명인간 취급할 것 같아.,감정적 추론
혼란스러워서 친구들이 날 멀리할 것 같아.,감정적 추론
속상하니까 친구들이 나를 필요하지 않을 것 같아.,감정적 추론
우울하니까 친구들이 나를 무시할 것 같아.,감정적 추론
혼란스러워서 사람들이 나를 부담스럽게 생각할 것 같아.,감정적 추론
절망스러워서 사람들이 나를 귀찮아할 것 같아.,감정적 추론
외로우니까 다들 나를 이상하게 볼 것 같아.,감정적 추론
외로우니까 모임에서 내가 어색할 것 같아.,감정적 추론
긴장돼서 가족이 나를 챙기지 않을 것 같아.,감정적 추론
화가 나니까 애인이 나를 질려할 것 같아.,감정적 추론
창피해서 연인과의 관계가 오래 가지 않을 것 같아.,감정적 추론
외로우니까 내 말에 아무도 공감하지 않을 것 같아.,감정적 추론
부담돼서 아무도 내 곁에 남지 않을 것 같아.,감정적 추론
질투나니까 가족이 날 이해 못할 것 같아.,감정적 추론
절망스러워서 사람들이 나를 이상하게 생각할 것 같아.,감정적 추론
질투나니까 사람들이 내 존재를 무시할 것 같아.,감정적 추론
부담돼서 내 말에 아무도 공감하지 않을 것 같아.,감정적 추론
질투나니까 가족이 나를 실망스러워할 것 같아.,감정적 추론
죄책감 드니까 친구들이 나를 미워할 것 같아.,감정적 추론
지치니까 가족이 나를 챙기지 않을 것 같아.,감정적 추론
찝찝하니까 사람들이 나를 귀찮아할 것 같아.,감정적 추론
창피해서 연락이 없는 건 나를 싫어해서일 것 같아.,감정적 추론
무기력하니까 아무도 나를 친구로 생각하지 않을 것 같아.,감정적 추론
창피해서 사람들이 나를 이상하게 생각할 것 같아.,감정적 추론
초조하니까 가족이 나를 포기할 것 같아.,감정적 추론
초조하니까 친구들이 날 속으로 비웃을 것 같아.,감정적 추론
당황해서 나에게 친구가 없을 것 같아.,감정적 추론
허탈하니까 가족이 나를 사랑하지 않을 것 같아.,감정적 추론
우울하니까 모두가 나를 비웃을 것 같아.,감정적 추론
부담돼서 사람들이 나를 부담스럽게 느낄 것 같아.,감정적 추론
화가 나니까 모임에서 나를 투명인간 취급할 것 같아.,감정적 추론
화가 나니까 친구들이 나를 이용할 것 같아.,감정적 추론
당황해서 친구들이 나를 싫어할 것 같아.,감정적 추론
걱정되니까 가족이 나를 실망스러워할 것 같아.,감정적 추론
무기력하니까 다들 나를 부끄럽게 여길 것 같아.,감정적 추론
절망스러워서 가족이 나에게 실망할 것 같아.,감정적 추론
허탈하니까 대화에 끼어들지 못할 것 같아.,감정적 추론
부담돼서 가족이 나를 챙기지 않을 것 같아.,감정적 추론
불안하니까 사람들이 나를 귀찮아할 것 같아.,감정적 추론
부담돼서 모임에서 내가 어색할 것 같아.,감정적 추론
부담돼서 친구들이 나를 이용할 것 같아.,감정적 추론
허탈하니까 내 주변에 아무도 없을 것 같아.,감정적 추론
질투나니까 애인이 나를 질려할 것 같아.,감정적 추론
지치니까 사람들이 나를 부담스럽게 생각할 것 같아.,감정적 추론
소외감을 느끼니까 사람들이 나를 부담스럽게 느낄 것 같아.,감정적 추론
실망스러우니까 친구들이 나를 질려할 것 같아.,감정적 추론
두려우니까 내 주변에 아무도 없을 것 같아.,감정적 추론
부담돼서 친구들이 나를 싫어할 것 같아.,감정적 추론
허탈하니까 사람들이 나를 부담스럽게 생각할 것 같아.,감정적 추론
죄책감 드니까 친구들이 내 실수만 생각할 것 같아.,감정적 추론
외로우니까 가족이 나를 챙기지 않을 것 같아.,감정적 추론
지치니까 연인이 나를 떠날 것 같아.,감정적 추론
찝찝하니까 나에게 친구가 없을 것 같아.,감정적 추론
화가 나니까 연인과의 관계가 오래 가지 않을 것 같아.,감정적 추론
화가 나니까 친구들이 나를 무시할 것 같아.,감정적 추론
화가 나니까 나는 외톨이가 될 것 같아.,감정적 추론
혼란스러워서 연락이 없는 건 나를 싫어해서일 것 같아.,감정적 추론
우울하니까 친구들이 나를 미워할 것 같아.,감정적 추론
화가 나니까 사람들이 나를 불편해할 것 같아.,감정적 추론
긴장돼서 가족이 날 이해 못할 것 같아.,감정적 추론
불안하니까 친구들이 날 멀리할 것 같아.,감정적 추론
불안하니까 사람들이 나를 불편해할 것 같아.,감정적 추론
초조하니까 아무도 나를 친구로 생각하지 않을 것 같아.,감정적 추론
답답하니까 사람들이 나를 좋아하지 않을 것 같아.,감정적 추론
무기력하니까 애인이 나를 질려할 것 같아.,감정적 추론
혼란스러워서 아무도 내 곁에 남지 않을 것 같아.,감정적 추론
소외감을 느끼니까 친구들이 날 멀리할 것 같아.,감정적 추론
긴장돼서 나는 외톨이가 될 것 같아.,감정적 추론
두려우니까 사람들이 나를 부담스럽게 생각할 것 같아.,감정적 추론
우울하니까 가족이 나에게 실망할 것 같아.,감정적 추론
혼란스러워서 친구들이 나와 멀어질 것 같아.,감정적 추론
혼란스러워서 사람들이 내 존재를 무시할 것 같아.,감정적 추론
불안하니까 가족이 나를 챙기지 않을 것 같아.,감정적 추론
부담돼서 친구들이 내 실수만 생각할 것 같아.,감정적 추론
혼란스러워서 가족이 나를 사랑하지 않을 것 같아.,감정적 추론
질투나니까 모임에서 나를 투명인간 취급할 것 같아.,감정적 추론
절망스러워서 친구들이 나를 무시할 것 같아.,감정적 추론
우울하니까 사람들이 나를 불편해할 것 같아.,감정적 추론
답답하니까 모두가 나를 비웃을 것 같아.,감정적 추론
무기력하니까 사람들이 나를 좋아하지 않을 것 같아.,감정적 추론
질투나니까 다들 나를 부끄럽게 여길 것 같아.,감정적 추론
외로우니까 모두가 나를 투명인간 취급할 것 같아.,감정적 추론
두려우니까 연락이 없는 건 나를 싫어해서일 것 같아.,감정적 추론
질투나니까 연인이 다른 사람을 만날 것 같아.,감정적 추론
창피해서 대화에 끼어들지 못할 것 같아.,감정적 추론
찝찝하니까 내 말에 아무도 공감하지 않을 것 같아.,감정적 추론
창피해서 사람들이 나를 거절할 것 같아.,감정적 추론
걱정되니까 친구들이 내 실수만 생각할 것 같아.,감정적 추론
두려우니까 친구들이 내 실수만 생각할 것 같아.,감정적 추론
허탈하니까 사람들이 나를 좋아하지 않을 것 같아.,감정적 추론
절망스러워서 아무도 내 곁에 남지 않을 것 같아.,감정적 추론
우울하니까 나에게 친구가 없을 것 같아.,감정적 추론
긴장돼서 사람들이 나를 부담스러워할 것 같아.,감정적 추론
지치니까 모두가 나를 투명인간 취급할 것 같아.,감정적 추론
찝찝하니까 친구들이 나를 필요하지 않을 것 같아.,감정적 추론
지치니까 사람들이 나를 좋아하지 않을 것 같아.,감정적 추론
답답하니까 사람들이 나를 불편해할 것 같아.,감정적 추론
무기력하니까 아무도 내 곁에 남지 않을 것 같아.,감정적 추론
부담돼서 내가 말하면 모두 지루해할 것 같아.,감정적 추론
분하니까 대화에 끼어들지 못할 것 같아.,감정적 추론
찝찝하니까 가족이 나를 챙기지 않을 것 같아.,감정적 추론
긴장돼서 친구들이 나를 필요하지 않을 것 같아.,감정적 추론
소외감을 느끼니까 모임에서 나를 투명인간 취급할 것 같아.,감정적 추론
부담돼서 연인이 내 마음을 몰라줄 것 같아.,감정적 추론
분하니까 친구들이 나를 필요하지 않을 것 같아.,감정적 추론
부담돼서 사람들이 나를 거절할 것 같아.,감정적 추론
창피해서 연인이 다른 사람을 만날 것 같아.,감정적 추론
허탈하니까 나는 외톨이가 될 것 같아.,감정적 추론
초조하니까 내 주변에 아무도 없을 것 같아.,감정적 추론
소외감을 느끼니까 나는 외톨이가 될 것 같아.,감정적 추론
긴장돼서 사람들이 나를 이해하지 못할 것 같아.,감정적 추론
실망스러우니까 친구들이 나를 싫어할 것 같아.,감정적 추론
무기력하니까 사람들이 나를 이해하지 못할 것 같아.,감정적 추론
긴장돼서 애인이 나를 질려할 것 같아.,감정적 추론
답답하니까 친구들이 나를 이용할 것 같아.,감정적 추론
절망스러워서 사람들이 나를 불편해할 것 같아.,감정적 추론
찝찝하니까 친구들이 나를 싫어할 것 같아.,감정적 추론
우울하니까 친구들이 날 속으로 비웃을 것 같아.,감정적 추론
죄책감 드니까 내 말에 아무도 공감하지 않을 것 같아.,감정적 추론
절망스러워서 내 주변에 아무도 없을 것 같아.,감정적 추론
우울하니까 내 주변에 아무도 없을 것 같아.,감정적 추론
무기력하니까 사람들이 나를 불편해할 것 같아.,감정적 추론
죄책감 드니까 사람들이 나를 좋아하지 않을 것 같아.,감정적 추론
혼란스러워서 친구들이 나를 미워할 것 같아.,감정적 추론
초조하니까 가족이 나를 사랑하지 않을 것 같아.,감정적 추론
답답하니까 가족이 나를 챙기지 않을 것 같아.,감정적 추론
긴장돼서 사람들이 나를 불편해할 것 같아.,감정적 추론
두려우니까 친구들이 나를 무시할 것 같아.,감정적 추론
창피해서 사람들이 나를 부담스럽게 느낄 것 같아.,감정적 추론
답답하니까 친구들이 나를 필요하지 않을 것 같아.,감정적 추론
긴장돼서 나에게 친구가 없을 것 같아.,감정적 추론
찝찝하니까 사람들이 나를 부담스럽게 생각할 것 같아.,감정적 추론
실망스러우니까 친구들이 내 실수만 생각할 것 같아.,감정적 추론
불안하니까 친구들이 나를 필요하지 않을 것 같아.,감정적 추론
무기력하니까 가족이 나를 사랑하지 않을 것 같아.,감정적 추론
당황해서 모임에서 나를 투명인간 취급할 것 같아.,감정적 추론
실망스러우니까 연락이 없는 건 나를 싫어해서일 것 같아.,감정적 추론
외로우니까 사람들이 나를 이해하지 못할 것 같아.,감정적 추론
실망스러우니까 모두가 나를 비웃을 것 같아.,감정적 추론
절망스러워서 가족이 나를 챙기지 않을 것 같아.,감정적 추론
답답하니까 가족이 나를 포기할 것 같아.,감정적 추론
우울하니까 가족이 나를 사랑하지 않을 것 같아.,감정적 추론
소외감을 느끼니까 가족이 나에게 실망할 것 같아.,감정적 추론
당황해서 사람들이 나를 이상하게 생각할 것 같아.,감정적 추론
외로우니까 친구들이 나를 필요하지 않을 것 같아.,감정적 추론
혼란스러워서 다들 나를 이상하게 볼 것 같아.,감정적 추론
초조하니까 연인이 다른 사람을 만날 것 같아.,감정적 추론
우울하니까 내가 말하면 모두 지루해할 것 같아.,감정적 추론
실망스러우니까 친구들이 나를 이용할 것 같아.,감정적 추론
허탈하니까 가족이 나에게 실망할 것 같아.,감정적 추론
허탈하니까 사람들이 나를 부담스럽게 느낄 것 같아.,감정적 추론
외로우니까 연락이 없는 건 나를 싫어해서일 것 같아.,감정적 추론
혼란스러워서 가족이 나를 실망스러워할 것 같아.,감정적 추론
부담돼서 사람들이 나를 이해하지 못할 것 같아.,감정적 추론
부담돼서 연인이 나를 떠날 것 같아.,감정적 추론
화가 나니까 아무도 내 말을 들어주지 않을 것 같아.,감정적 추론
답답하니까 친구들이 날 멀리할 것 같아.,감정적 추론
절망스러워서 친구들이 나를 미워할 것 같아.,감정적 추론
속상하니까 모임에서 내가 어색할 것 같아.,감정적 추론
지치니까 모임에서 내가 어색할 것 같아.,감정적 추론
속상하니까 나에게 친구가 없을 것 같아.,감정적 추론
무기력하니까 사람들이 나를 거절할 것 같아.,감정적 추론
허탈하니까 가족이 나를 챙기지 않을 것 같아.,감정적 추론
긴장돼서 아무도 내 곁에 남지 않을 것 같아.,감정적 추론
절망스러워서 친구들이 날 속으로 비웃을 것 같아.,감정적 추론
두려우니까 친구들이 나와 멀어질 것 같아.,감정적 추론
두려우니까 연인이 내 마음을 몰라줄 것 같아.,감정적 추론
당황해서 연인이 나를 떠날 것 같아.,감정적 추론
소외감을 느끼니까 나에게 친구가 없을 것 같아.,감정적 추론
부담돼서 연락이 없는 건 나를 싫어해서일 것 같아.,감정적 추론
소외감을 느끼니까 친구들이 나를 질려할 것 같아.,감정적 추론
지치니까 아무도 내 말을 들어주지 않을 것 같아.,감정적 추론
허탈하니까 내가 말하면 모두 지루해할 것 같아.,감정적 추론
혼란스러워서 대화에 끼어들지 못할 것 같아.,감정적 추론
긴장돼서 사람들이 나를 좋아하지 않을 것 같아.,감정적 추론
부담돼서 친구들이 나와 멀어질 것 같아.,감정적 추론
소외감을 느끼니까 사람들이 나를 불편해할 것 같아.,감정적 추론
죄책감 드니까 가족이 날 이해 못할 것 같아.,감정적 추론
당황해서 가족이 나를 실망스러워할 것 같아.,감정적 추론
죄책감 드니까 사람들이 나를 이해하지 못할 것 같아.,감정적 추론
허탈하니까 친구들이 날 속으로 비웃을 것 같아.,감정적 추론
두려우니까 내 말에 아무도 공감하지 않을 것 같아.,감정적 추론
속상하니까 사람들이 나를 부담스럽게 생각할 것 같아.,감정적 추론
외로우니까 연인이 다른 사람을 만날 것 같아.,감정적 추론
화가 나니까 연락이 없는 건 나를 싫어해서일 것 같아.,감정적 추론
실망스러우니까 사람들이 나를 피할 것 같아.,감정적 추론
질투나니까 사람들이 나를 피할 것 같아.,감정적 추론
질투나니까 사람들이 나를 좋아하지 않을 것 같아.,감정적 추론
속상하니까 애인이 나를 질려할 것 같아.,감정적 추론
부담돼서 다들 나를 부끄럽게 여길 것 같아.,감정적 추론
허탈하니까 친구들이 내 실수만 생각할 것 같아.,감정적 추론
당황해서 모임에서 내가 어색할 것 같아.,감정적 추론
질투나니까 내 주변에 아무도 없을 것 같아.,감정적 추론
당황해서 사람들이 내 존재를 무시할 것 같아.,감정적 추론
찝찝하니까 친구들이 내 실수만 생각할 것 같아.,감정적 추론
답답하니까 아무도 내 곁에 남지 않을 것 같아.,감정적 추론
절망스러워서 나는 외톨이가 될 것 같아.,감정적 추론
혼란스러워서 연인과의 관계가 오래 가지 않을 것 같아.,감정적 추론
분하니까 친구들이 나를 미워할 것 같아.,감정적 추론
초조하니까 다들 나를 부끄럽게 여길 것 같아.,감정적 추론
분하니까 모두가 나를 투명인간 취급할 것 같아.,감정적 추론
불안하니까 가족이 나를 실망스러워할 것 같아.,감정적 추론
당황해서 대화에 끼어들지 못할 것 같아.,감정적 추론
걱정되니까 연인과의 관계가 오래 가지 않을 것 같아.,감정적 추론
절망스러워서 내 말에 아무도 공감하지 않을 것 같아.,감정적 추론
속상하니까 친구들이 나와 멀어질 것 같아.,감정적 추론
실망스러우니까 나는 무책임한 사람일 것 같아.,감정적 추론
두려우니까 나는 형편없는 인간일 것 같아.,감정적 추론
외로우니까 나는 어쩔 수 없는 인간일 것 같아.,감정적 추론
당황해서 나는 다 망가진 사람일 것 같아.,감정적 추론
화가 나니까 나는 빛이 없는 사람일 것 같아.,감정적 추론
창피해서 나는 실패한 인생일 것 같아.,감정적 추론
질투나니까 나는 별 볼 일 없는 사람일 것 같아.,감정적 추론
화가 나니까 나는 형편없는 인간일 것 같아.,감정적 추론
초조하니까 나는 실패자일 것 같아.,감정적 추론
분하니까 나는 형편없는 인간일 것 같아.,감정적 추론
혼란스러워서 나는 결함투성이일 것 같아.,감정적 추론
지치니까 나는 부족한 사람일 것 같아.,감정적 추론
불안하니까 나는 쓸모없는 사람일 것 같아.,감정적 추론
걱정되니까 나는 불필요한 사람일 것 같아.,감정적 추론
답답하니까 나는 모자란 사람일 것 같아.,감정적 추론
답답하니까 나는 빛이 없는 사람일 것 같아.,감정적 추론
지치니까 나는 기대 이하의 사람일 것 같아.,감정적 추론
우울하니까 나는 저질인간일 것 같아.,감정적 추론
질투나니까 나는 무책임한 사람일 것 같아.,감정적 추론
죄책감 드니까 나는 불필요한 사람일 것 같아.,감정적 추론
무기력하니까 나는 다 망가진 사람일 것 같아.,감정적 추론
화가 나니까 나는 아무짝에도 쓸모 없는 사람일 것 같아.,감정적 추론
지치니까 나는 실패자일 것 같아.,감정적 추론
속상하니까 나는 무가치한 존재일 것 같아.,감정적 추론
긴장돼서 나는 결함투성이일 것 같아.,감정적 추론
혼란스러워서 나는 무가치한 존재일 것 같아.,감정적 추론
속상하니까 나는 나무늘보 같은 사람일 것 같아.,감정적 추론
화가 나니까 나는 나쁜 영향을 주는 사람일 것 같아.,감정적 추론
질투나니까 나는 한심한 사람일 것 같아.,감정적 추론
걱정되니까 나는 가치 없는 인간일 것 같아.,감정적 추론
실망스러우니까 나는 한심한 사람일 것 같아.,감정적 추론
긴장돼서 나는 민폐만 끼치는 사람일 것 같아.,감정적 추론
속상하니까 나는 무력한 사람일 것 같아.,감정적 추론
우울하니까 나는 문제투성이일 것 같아.,감정적 추론
우울하니까 나는 이상한 사람일 것 같아.,감정적 추론
불안하니까 나는 실패한 인생일 것 같아.,감정적 추론
허탈하니까 나는 무능력한 사람일 것 같아.,감정적 추론
당황해서 나는 존재감이 없는 사람일 것 같아.,감정적 추론
지치니까 나는 존재감이 없는 사람일 것 같아.,감정적 추론
부담돼서 나는 나쁜 사람일 것 같아.,감정적 추론
지치니까 나는 매력 없는 사람일 것 같아.,감정적 추론
질투나니까 나는 어쩔 수 없는 인간일 것 같아.,감정적 추론
답답하니까 나는 정체된 사람일 것 같아.,감정적 추론
우울하니까 나는 존재감이 없는 사람일 것 같아.,감정적 추론
부담돼서 나는 게으른 사람일 것 같아.,감정적 추론
당황해서 나는 못난이일 것 같아.,감정적 추론
속상하니까 나는 나쁜 영향을 끼치는 사람일 것 같아.,감정적 추론
질투나니까 나는 가망 없는 사람일 것 같아.,감정적 추론
불안하니까 나는 정체된 사람일 것 같아.,감정적 추론
실망스러우니까 나는 나무늘보 같은 사람일 것 같아.,감정적 추론
긴장돼서 나는 이상한 사람일 것 같아.,감정적 추론
걱정되니까 나는 멍청한 사람일 것 같아.,감정적 추론
초조하니까 나는 무가치한 존재일 것 같아.,감정적 추론
창피해서 나는 형편없는 인간일 것 같아.,감정적 추론
분하니까 나는 운 없는 사람일 것 같아.,감정적 추론
불안하니까 나는 가치 없는 존재일 것 같아.,감정적 추론
초조하니까 나는 나쁜 영향을 끼치는 사람일 것 같아.,감정적 추론
걱정되니까 나는 민폐만 끼치는 사람일 것 같아.,감정적 추론
불안하니까 나는 허접한 사람일 것 같아.,감정적 추론
우울하니까 나는 매력 없는 사람일 것 같아.,감정적 추론
혼란스러워서 나는 부끄러운 사람일 것 같아.,감정적 추론
허탈하니까 나는 나쁜 영향을 끼치는 사람일 것 같아.,감정적 추론
무기력하니까 나는 못난이일 것 같아.,감정적 추론
부담돼서 나는 보잘것없는 사람일 것 같아.,감정적 추론
소외감을 느끼니까 나는 나쁜 영향을 끼치는 사람일 것 같아.,감정적 추론
화가 나니까 나는 다 망가진 사람일 것 같아.,감정적 추론
무기력하니까 나는 운 없는 사람일 것 같아.,감정적 추론
걱정되니까 나는 모자란 사람일 것 같아.,감정적 추론
분하니까 나는 나쁜 영향을 끼치는 사람일 것 같아.,감정적 추론
허탈하니까 나는 가치 없는 인간일 것 같아.,감정적 추론
절망스러워서 나는 다 망가진 사람일 것 같아.,감정적 추론
실망스러우니까 나는 기대 이하의 사람일 것 같아.,감정적 추론
무기력하니까 나는 나무늘보 같은 사람일 것 같아.,감정적 추론
외로우니까 나는 멍청한 사람일 것 같아.,감정적 추론
창피해서 나는 나무늘보 같은 사람일 것 같아.,감정적 추론
불안하니까 나는 형편없는 사람일 것 같아.,감정적 추론
분하니까 나는 가망 없는 사람일 것 같아.,감정적 추론
우울하니까 나는 별 볼 일 없는 사람일 것 같아.,감정적 추론
죄책감 드니까 나는 멍청한 사람일 것 같아.,감정적 추론
실망스러우니까 나는 저질인간일 것 같아.,감정적 추론
혼란스러워서 나는 실패한 인생일 것 같아.,감정적 추론
두려우니까 나는 결함투성이일 것 같아.,감정적 추론
걱정되니까 나는 눈에 띄지 않는 사람일 것 같아.,감정적 추론
실망스러우니까 나는 이상한 사람일 것 같아.,감정적 추론
지치니까 나는 가치 없는 존재일 것 같아.,감정적 추론
분하니까 나는 기대 이하의 사람일 것 같아.,감정적 추론
걱정되니까 나는 실패자일 것 같아.,감정적 추론
우울하니까 나는 기대 이하의 사람일 것 같아.,감정적 추론
질투나니까 나는 민폐만 끼치는 사람일 것 같아.,감정적 추론
창피해서 나는 실속 없는 사람일 것 같아.,감정적 추론
찝찝하니까 나는 가망 없는 사람일 것 같아.,감정적 추론
걱정되니까 나는 별 볼 일 없는 사람일 것 같아.,감정적 추론
찝찝하니까 나는 구제불능일 것 같아.,감정적 추론
부담돼서 나는 민폐만 끼치는 사람일 것 같아.,감정적 추론
소외감을 느끼니까 나는 무책임한 사람일 것 같아.,감정적 추론
소외감을 느끼니까 나는 게으른 사람일 것 같아.,감정적 추론
두려우니까 나는 허접한 사람일 것 같아.,감정적 추론
초조하니까 나는 나쁜 사람일 것 같아.,감정적 추론
절망스러워서 나는 구제불능일 것 같아.,감정적 추론
긴장돼서 나는 뒤처진 사람일 것 같아.,감정적 추론
절망스러워서 나는 나쁜 사람일 것 같아.,감정적 추론
실망스러우니까 나는 형편없는 사람일 것 같아.,감정적 추론
긴장돼서 나는 부끄러운 사람일 것 같아.,감정적 추론
절망스러워서 나는 아무짝에도 쓸모 없는 사람일 것 같아.,감정적 추론
우울하니까 나는 실패자일 것 같아.,감정적 추론
우울하니까 나는 희망 없는 사람일 것 같아.,감정적 추론
불안하니까 나는 결함투성이일 것 같아.,감정적 추론
소외감을 느끼니까 나는 쓸모없는 사람일 것 같아.,감정적 추론
불안하니까 나는 희망 없는 사람일 것 같아.,감정적 추론
속상하니까 나는 실속 없는 사람일 것 같아.,감정적 추론
무기력하니까 나는 아무짝에도 쓸모 없는 사람일 것 같아.,감정적 추론
외로우니까 나는 별 볼 일 없는 사람일 것 같아.,감정적 추론
절망스러워서 나는 매력 없는 사람일 것 같아.,감정적 추론
창피해서 나는 무능한 존재일 것 같아.,감정적 추론
속상하니까 나는 게으른 사람일 것 같아.,감정적 추론
초조하니까 나는 허접한 사람일 것 같아.,감정적 추론
화가 나니까 나는 무가치한 존재일 것 같아.,감정적 추론
소외감을 느끼니까 나는 민폐만 끼치는 사람일 것 같아.,감정적 추론
죄책감 드니까 나는 형편없는 인간일 것 같아.,감정적 추론
분하니까 나는 못난이일 것 같아.,감정적 추론
걱정되니까 나는 무력한 사람일 것 같아.,감정적 추론
창피해서 나는 문제투성이일 것 같아.,감정적 추론
무기력하니까 나는 가망 없는 사람일 것 같아.,감정적 추론
걱정되니까 나는 기대 이하의 사람일 것 같아.,감정적 추론
혼란스러워서 나는 별 볼 일 없는 사람일 것 같아.,감정적 추론
절망스러워서 나는 부족한 사람일 것 같아.,감정적 추론
혼란스러워서 나는 무책임한 사람일 것 같아.,감정적 추론
찝찝하니까 나는 형편없는 인간일 것 같아.,감정적 추론
불안하니까 나는 게으른 사람일 것 같아.,감정적 추론
질투나니까 나는 나쁜 사람일 것 같아.,감정적 추론
분하니까 나는 못된 사람일 것 같아.,감정적 추론
혼란스러워서 나는 가망 없는 사람일 것 같아.,감정적 추론
무기력하니까 나는 형편없는 인간일 것 같아.,감정적 추론
찝찝하니까 나는 실패한 인생일 것 같아.,감정적 추론
당황해서 나는 나쁜 영향을 끼치는 사람일 것 같아.,감정적 추론
실망스러우니까 나는 무가치한 존재일 것 같아.,감정적 추론
질투나니까 나는 나쁜 영향을 주는 사람일 것 같아.,감정적 추론
분하니까 나는 이상한 사람일 것 같아.,감정적 추론
걱정되니까 나는 결함투성이일 것 같아.,감정적 추론
죄책감 드니까 나는 나쁜 영향을 끼치는 사람일 것 같아.,감정적 추론
답답하니까 나는 무가치한 존재일 것 같아.,감정적 추론
당황해서 나는 기대 이하의 사람일 것 같아.,감정적 추론
실망스러우니까 나는 아무짝에도 쓸모 없는 사람일 것 같아.,감정적 추론
두려우니까 나는 정체된 사람일 것 같아.,감정적 추론
허탈하니까 나는 별 볼 일 없는 사람일 것 같아.,감정적 추론
초조하니까 나는 존재감이 없는 사람일 것 같아.,감정적 추론
부담돼서 나는 이상한 사람일 것 같아.,감정적 추론
무기력하니까 나는 모자란 사람일 것 같아.,감정적 추론
부담돼서 나는 민폐 덩어리일 것 같아.,감정적 추론
찝찝하니까 나는 불필요한 사람일 것 같아.,감정적 추론
당황해서 나는 가치 없는 존재일 것 같아.,감정적 추론
혼란스러워서 나는 한심한 사람일 것 같아.,감정적 추론
찝찝하니까 나는 멍청한 사람일 것 같아.,감정적 추론
초조하니까 나는 민폐만 끼치는 사람일 것 같아.,감정적 추론
죄책감 드니까 나는 뒤처진 사람일 것 같아.,감정적 추론
긴장돼서 나는 매력 없는 사람일 것 같아.,감정적 추론
두려우니까 나는 무능력한 사람일 것 같아.,감정적 추론
절망스러워서 나는 별 볼 일 없는 사람일 것 같아.,감정적 추론
외로우니까 나는 아무짝에도 쓸모 없는 사람일 것 같아.,감정적 추론
죄책감 드니까 나는 나약한 사람일 것 같아.,감정적 추론
찝찝하니까 나는 눈에 띄지 않는 사람일 것 같아.,감정적 추론
창피해서 나는 기대 이하의 사람일 것 같아.,감정적 추론
당황해서 나는 실패한 인생일 것 같아.,감정적 추론
두려우니까 나는 나약한 사람일 것 같아.,감정적 추론
부담돼서 나는 뒤처진 사람일 것 같아.,감정적 추론
소외감을 느끼니까 나는 무가치한 존재일 것 같아.,감정적 추론
화가 나니까 나는 별 볼 일 없는 사람일 것 같아.,감정적 추론
지치니까 나는 무능력한 사람일 것 같아.,감정적 추론
소외감을 느끼니까 나는 이상한 사람일 것 같아.,감정적 추론
우울하니까 나는 나쁜 영향을 주는 사람일 것 같아.,감정적 추론
걱정되니까 나는 나쁜 영향을 끼치는 사람일 것 같아.,감정적 추론
속상하니까 나는 보잘것없는 사람일 것 같아.,감정적 추론
절망스러워서 나는 나약한 사람일 것 같아.,감정적 추론
무기력하니까 나는 부끄러운 사람일 것 같아.,감정적 추론
찝찝하니까 나는 무책임한 사람일 것 같아.,감정적 추론
절망스러워서 나는 나무늘보 같은 사람일 것 같아.,감정적 추론
혼란스러워서 나는 민폐만 끼치는 사람일 것 같아.,감정적 추론
절망스러워서 나는 기대 이하의 사람일 것 같아.,감정적 추론
절망스러워서 나는 한심한 사람일 것 같아.,감정적 추론
허탈하니까 나는 무력한 사람일 것 같아.,감정적 추론
긴장돼서 나는 나무늘보 같은 사람일 것 같아.,감정적 추론
죄책감 드니까 나는 운 없는 사람일 것 같아.,감정적 추론
창피해서 나는 형편없는 사람일 것 같아.,감정적 추론
분하니까 나는 문제투성이일 것 같아.,감정적 추론
당황해서 나는 보잘것없는 사람일 것 같아.,감정적 추론
절망스러워서 나는 무책임한 사람일 것 같아.,감정적 추론
허탈하니까 나는 정체된 사람일 것 같아.,감정적 추론
우울하니까 나는 나쁜 영향을 끼치는 사람일 것 같아.,감정적 추론
소외감을 느끼니까 나는 모자란 사람일 것 같아.,감정적 추론
지치니까 나는 무가치한 존재일 것 같아.,감정적 추론
혼란스러워서 나는 민폐 덩어리일 것 같아.,감정적 추론
우울하니까 나는 나쁜 사람일 것 같아.,감정적 추론
외로우니까 나는 눈에 띄지 않는 사람일 것 같아.,감정적 추론
답답하니까 나는 문제투성이일 것 같아.,감정적 추론
지치니까 나는 구제불능일 것 같아.,감정적 추론
죄책감 드니까 나는 무력한 사람일 것 같아.,감정적 추론
화가 나니까 나는 모자란 사람일 것 같아.,감정적 추론
창피해서 나는 이상한 사람일 것 같아.,감정적 추론
소외감을 느끼니까 나는 뒤처진 사람일 것 같아.,감정적 추론
창피해서 나는 부끄러운 사람일 것 같아.,감정적 추론
허탈하니까 나는 다 망가진 사람일 것 같아.,감정적 추론
죄책감 드니까 나는 문제투성이일 것 같아.,감정적 추론
외로우니까 나는 구제불능일 것 같아.,감정적 추론
혼란스러워서 나는 못난이일 것 같아.,감정적 추론
혼란스러워서 나는 나쁜 사람일 것 같아.,감정적 추론
죄책감 드니까 나는 한심한 사람일 것 같아.,감정적 추론
속상하니까 나는 무능한 존재일 것 같아.,감정적 추론
분하니까 나는 눈에 띄지 않는 사람일 것 같아.,감정적 추론
부담돼서 나는 쓸모없는 사람일 것 같아.,감정적 추론
소외감을 느끼니까 나는 무능한 존재일 것 같아.,감정적 추론
창피해서 나는 불필요한 사람일 것 같아.,감정적 추론
무기력하니까 나는 멍청한 사람일 것 같아.,감정적 추론
찝찝하니까 나는 허접한 사람일 것 같아.,감정적 추론
긴장돼서 나는 무능한 존재일 것 같아.,감정적 추론
부담돼서 나는 모자란 사람일 것 같아.,감정적 추론
무기력하니까 나는 무력한 사람일 것 같아.,감정적 추론
죄책감 드니까 나는 나쁜 사람일 것 같아.,감정적 추론
지치니까 나는 못난이일 것 같아.,감정적 추론
외로우니까 나는 못된 사람일 것 같아.,감정적 추론
죄책감 드니까 나는 구제불능일 것 같아.,감정적 추론
외로우니까 나는 운 없는 사람일 것 같아.,감정적 추론
답답하니까 나는 무능력한 사람일 것 같아.,감정적 추론
화가 나니까 나는 가망 없는 사람일 것 같아.,감정적 추론
창피해서 나는 못난이일 것 같아.,감정적 추론
걱정되니까 나는 저질인간일 것 같아.,감정적 추론
죄책감 드니까 나는 결함투성이일 것 같아.,감정적 추론
죄책감 드니까 나는 형편없는 사람일 것 같아.,감정적 추론
무기력하니까 나는 불필요한 사람일 것 같아.,감정적 추론
혼란스러워서 나는 멍청한 사람일 것 같아.,감정적 추론
긴장돼서 나는 멍청한 사람일 것 같아.,감정적 추론
실망스러우니까 나는 결함투성이일 것 같아.,감정적 추론
혼란스러워서 나는 형편없는 인간일 것 같아.,감정적 추론
우울하니까 나는 무책임한 사람일 것 같아.,감정적 추론
당황해서 나는 못된 사람일 것 같아.,감정적 추론
지치니까 나는 가망 없는 사람일 것 같아.,감정적 추론
외로우니까 나는 무능력한 사람일 것 같아.,감정적 추론
절망스러워서 나는 쓸모없는 사람일 것 같아.,감정적 추론
혼란스러워서 나는 부족한 사람일 것 같아.,감정적 추론
찝찝하니까 나는 나약한 사람일 것 같아.,감정적 추론
걱정되니까 나는 다 망가진 사람일 것 같아.,감정적 추론
걱정되니까 내일은 더 어려워질 것 같아.,감정적 추론
무기력하니까 시간이 지나도 나아지지 않을 것 같아.,감정적 추론
찝찝하니까 미래엔 실패만 있을 것 같아.,감정적 추론
답답하니까 남은 건 불행뿐일 것 같아.,감정적 추론
긴장돼서 나중에는 더 최악일 것 같아.,감정적 추론
죄책감 드니까 결국 망하게 될 것 같아.,감정적 추론
화가 나니까 지금의 고통이 끝나지 않을 것 같아.,감정적 추론
소외감을 느끼니까 미래에는 희망이 보이지 않을 것 같아.,감정적 추론
우울하니까 앞으로 행복해질 리 없을 것 같아.,감정적 추론
부담돼서 앞으로도 혼란스럽기만 할 것 같아.,감정적 추론
소외감을 느끼니까 미래엔 희망이 없을 것 같아.,감정적 추론
허탈하니까 결국 망하게 될 것 같아.,감정적 추론
화가 나니까 미래는 더 암울할 것 같아.,감정적 추론
혼란스러워서 미래에는 아무것도 이루지 못할 것 같아.,감정적 추론
걱정되니까 미래엔 희망이 없을 것 같아.,감정적 추론
창피해서 평생 후회만 할 것 같아.,감정적 추론
질투나니까 지금보다 나은 날은 오지 않을 것 같아.,감정적 추론
허탈하니까 미래는 더 암울할 것 같아.,감정적 추론
초조하니까 결국 망하게 될 것 같아.,감정적 추론
속상하니까 미래엔 한 줄기 빛도 없을 것 같아.,감정적 추론
화가 나니까 내 앞날은 어두울 것 같아.,감정적 추론
우울하니까 앞으로의 노력은 다 무의미할 것 같아.,감정적 추론
혼란스러워서 앞으로도 불행뿐일 것 같아.,감정적 추론
두려우니까 시간이 지나도 나아지지 않을 것 같아.,감정적 추론
찝찝하니까 내일은 더 어려워질 것 같아.,감정적 추론
분하니까 앞으로 잘되는 건 불가능할 것 같아.,감정적 추론
분하니까 미래에는 좋은 일이 일어나지 않을 것 같아.,감정적 추론
무기력하니까 미래는 더 암울할 것 같아.,감정적 추론
불안하니까 결국 망하게 될 것 같아.,감정적 추론
두려우니까 앞으로 잘 될 일이 없을 것 같아.,감정적 추론
소외감을 느끼니까 앞으로 잘되는 건 불가능할 것 같아.,감정적 추론
질투나니까 앞으로 나아질 리 없을 것 같아.,감정적 추론
답답하니까 앞으로도 불행뿐일 것 같아.,감정적 추론
혼란스러워서 앞으로 더 불안해질 것 같아.,감정적 추론
찝찝하니까 시간이 지나도 나아지지 않을 것 같아.,감정적 추론
부담돼서 앞으로 나아질 리 없을 것 같아.,감정적 추론
우울하니까 앞으로 더 불안해질 것 같아.,감정적 추론
화가 나니까 앞으로도 혼란스럽기만 할 것 같아.,감정적 추론
허탈하니까 시간이 지나도 나아지지 않을 것 같아.,감정적 추론
불안하니까 미래는 더 암울할 것 같아.,감정적 추론
불안하니까 미래엔 실패만 있을 것 같아.,감정적 추론
질투나니까 남은 건 불행뿐일 것 같아.,감정적 추론
무기력하니까 꿈이 무너질 것 같아.,감정적 추론
지치니까 앞으로 잘되는 건 불가능할 것 같아.,감정적 추론
창피해서 미래엔 희망이 없을 것 같아.,감정적 추론
걱정되니까 앞으로 삶은 더 고달플 것 같아.,감정적 추론
걱정되니까 앞으로 좋은 일은 없을 것 같아.,감정적 추론
화가 나니까 미래엔 더 힘들어질 것 같아.,감정적 추론
찝찝하니까 앞으로 잘 될 일이 없을 것 같아.,감정적 추론
당황해서 나중에는 더 최악일 것 같아.,감정적 추론
절망스러워서 앞으로도 실패만 거듭할 것 같아.,감정적 추론
걱정되니까 나중에는 더 최악일 것 같아.,감정적 추론
혼란스러워서 앞으로도 슬픔만 이어질 것 같아.,감정적 추론
죄책감 드니까 앞으로 기대할 게 없을 것 같아.,감정적 추론
당황해서 미래엔 희망이 없을 것 같아.,감정적 추론
속상하니까 앞으로도 희망이 없을 것 같아.,감정적 추론
소외감을 느끼니까 내일은 더 어려워질 것 같아.,감정적 추론
부담돼서 더 나빠지기만 할 것 같아.,감정적 추론
외로우니까 앞으로 더 불안해질 것 같아.,감정적 추론
무기력하니까 미래엔 실패만 있을 것 같아.,감정적 추론
지치니까 앞으로 나아질 리 없을 것 같아.,감정적 추론
두려우니까 지금보다 나은 날은 오지 않을 것 같아.,감정적 추론
무기력하니까 앞으로도 내 편은 없을 것 같아.,감정적 추론
죄책감 드니까 미래엔 실패만 있을 것 같아.,감정적 추론
걱정되니까 앞으로의 노력은 다 무의미할 것 같아.,감정적 추론
외로우니까 앞으로 어떤 시도도 실패할 것 같아.,감정적 추론
무기력하니까 언젠가 큰일이 터질 것 같아.,감정적 추론
우울하니까 결국 망하게 될 것 같아.,감정적 추론
절망스러워서 앞으로 나아질 리 없을 것 같아.,감정적 추론
지치니까 미래엔 희망이 없을 것 같아.,감정적 추론
당황해서 미래엔 더 힘들어질 것 같아.,감정적 추론
허탈하니까 앞으로 남은 건 절망뿐일 것 같아.,감정적 추론
답답하니까 미래에는 희망이 보이지 않을 것 같아.,감정적 추론
불안하니까 앞으로 나를 기다리는 건 절망뿐일 것 같아.,감정적 추론
죄책감 드니까 앞으로도 고통이 이어질 것 같아.,감정적 추론
긴장돼서 앞으로 잘되는 건 불가능할 것 같아.,감정적 추론
창피해서 앞으로 기대할 게 없을 것 같아.,감정적 추론
질투나니까 평생 후회만 할 것 같아.,감정적 추론
질투나니까 결국 망하게 될 것 같아.,감정적 추론
두려우니까 남은 건 불행뿐일 것 같아.,감정적 추론
실망스러우니까 앞으로 기대할 게 없을 것 같아.,감정적 추론
긴장돼서 미래에는 좋은 일이 일어나지 않을 것 같아.,감정적 추론
허탈하니까 앞으로 나를 기다리는 건 절망뿐일 것 같아.,감정적 추론
긴장돼서 앞으로도 자신감이 생기지 않을 것 같아.,감정적 추론
창피해서 남은 건 불행뿐일 것 같아.,감정적 추론
죄책감 드니까 앞으로도 노력해도 변화가 없을 것 같아.,감정적 추론
부담돼서 나중에는 더 최악일 것 같아.,감정적 추론
불안하니까 앞으로도 실패자로 남을 것 같아.,감정적 추론
창피해서 미래엔 더 나빠질 뿐일 것 같아.,감정적 추론
두려우니까 미래엔 더 힘들어질 것 같아.,감정적 추론
우울하니까 앞으로도 노력해도 변화가 없을 것 같아.,감정적 추론
당황해서 앞으로 더 불안해질 것 같아.,감정적 추론
두려우니까 앞으로도 실패자로 남을 것 같아.,감정적 추론
부담돼서 앞으로 어떤 시도도 실패할 것 같아.,감정적 추론
창피해서 더 나빠지기만 할 것 같아.,감정적 추론
지치니까 앞으로 나를 기다리는 건 불행뿐일 것 같아.,감정적 추론
두려우니까 앞으로도 내 편은 없을 것 같아.,감정적 추론
분하니까 앞으로도 노력해도 변화가 없을 것 같아.,감정적 추론
창피해서 앞으로도 실패자로 남을 것 같아.,감정적 추론
부담돼서 앞으로 더 불안해질 것 같아.,감정적 추론
허탈하니까 미래에는 좋은 일이 일어나지 않을 것 같아.,감정적 추론
두려우니까 앞으로 나아질 리 없을 것 같아.,감정적 추론
부담돼서 미래엔 더 나빠질 뿐일 것 같아.,감정적 추론
지치니까 앞으로도 힘들기만 할 것 같아.,감정적 추론
절망스러워서 미래엔 더 힘들어질 것 같아.,감정적 추론
부담돼서 앞으로도 실패자로 남을 것 같아.,감정적 추론
지치니까 미래엔 더 힘들어질 것 같아.,감정적 추론
분하니까 미래엔 희망이 없을 것 같아.,감정적 추론
혼란스러워서 앞으로 나를 기다리는 건 불행뿐일 것 같아.,감정적 추론
초조하니까 미래에는 희망이 보이지 않을 것 같아.,감정적 추론
허탈하니까 언젠가 큰일이 터질 것 같아.,감정적 추론
걱정되니까 앞으로도 외롭기만 할 것 같아.,감정적 추론
초조하니까 시간이 지나도 나아지지 않을 것 같아.,감정적 추론
우울하니까 언젠가 큰일이 터질 것 같아.,감정적 추론
찝찝하니까 앞으로 어떤 시도도 실패할 것 같아.,감정적 추론
두려우니까 앞으로 나를 기다리는 건 절망뿐일 것 같아.,감정적 추론
우울하니까 노력해도 아무 소용 없을 것 같아.,감정적 추론
불안하니까 앞으로도 고통이 이어질 것 같아.,감정적 추론
창피해서 앞으로도 희망이 없을 것 같아.,감정적 추론
속상하니까 꿈이 무너질 것 같아.,감정적 추론
초조하니까 앞으로도 노력해도 변화가 없을 것 같아.,감정적 추론
긴장돼서 앞으로 행복해질 리 없을 것 같아.,감정적 추론
부담돼서 미래에는 아무것도 이루지 못할 것 같아.,감정적 추론
절망스러워서 평생 고통받을 것 같아.,감정적 추론
혼란스러워서 앞으로도 고통이 이어질 것 같아.,감정적 추론
소외감을 느끼니까 결국 망하게 될 것 같아.,감정적 추론
불안하니까 앞으로도 슬픔만 이어질 것 같아.,감정적 추론
분하니까 앞으로 나아질 리 없을 것 같아.,감정적 추론
속상하니까 더 나빠지기만 할 것 같아.,감정적 추론
외로우니까 앞으로 기대할 게 없을 것 같아.,감정적 추론
질투나니까 지금의 고통이 끝나지 않을 것 같아.,감정적 추론
질투나니까 미래엔 더 나빠질 뿐일 것 같아.,감정적 추론
긴장돼서 지금의 고통이 끝나지 않을 것 같아.,감정적 추론
화가 나니까 결국 망하게 될 것 같아.,감정적 추론
불안하니까 나중에는 더 최악일 것 같아.,감정적 추론
당황해서 앞으로 잘 될 일이 없을 것 같아.,감정적 추론
질투나니까 앞으로 행복해질 리 없을 것 같아.,감정적 추론
소외감을 느끼니까 앞으로 기대할 게 없을 것 같아.,감정적 추론
두려우니까 앞으로 잘되는 건 불가능할 것 같아.,감정적 추론
속상하니까 앞으로 좋은 일은 없을 것 같아.,감정적 추론
실망스러우니까 언젠가 큰일이 터질 것 같아.,감정적 추론
질투나니까 앞으로 나를 기다리는 건 절망뿐일 것 같아.,감정적 추론
긴장돼서 평생 후회만 할 것 같아.,감정적 추론
혼란스러워서 미래엔 희망이 없을 것 같아.,감정적 추론
당황해서 앞으로 기대할 게 없을 것 같아.,감정적 추론
죄책감 드니까 앞으로 행복해질 리 없을 것 같아.,감정적 추론
혼란스러워서 앞으로도 실패자로 남을 것 같아.,감정적 추론
무기력하니까 앞으로 삶은 더 고달플 것 같아.,감정적 추론
초조하니까 앞으로 나아질 리 없을 것 같아.,감정적 추론
불안하니까 앞으로 더 불안해질 것 같아.,감정적 추론
소외감을 느끼니까 미래엔 더 나빠질 뿐일 것 같아.,감정적 추론
화가 나니까 미래엔 희망이 없을 것 같아.,감정적 추론
무기력하니까 앞으로도 실패자로 남을 것 같아.,감정적 추론
우울하니까 앞으로도 고통이 이어질 것 같아.,감정적 추론
찝찝하니까 앞으로 기대할 게 없을 것 같아.,감정적 추론
혼란스러워서 미래에는 희망이 보이지 않을 것 같아.,감정적 추론
부담돼서 미래에는 희망이 보이지 않을 것 같아.,감정적 추론
초조하니까 앞으로도 자신감이 생기지 않을 것 같아.,감정적 추론
죄책감 드니까 앞으로도 내 편은 없을 것 같아.,감정적 추론
절망스러워서 앞으로도 슬픔만 이어질 것 같아.,감정적 추론
죄책감 드니까 앞으로 남은 건 절망뿐일 것 같아.,감정적 추론
분하니까 더 나빠지기만 할 것 같아.,감정적 추론
허탈하니까 내 앞날은 어두울 것 같아.,감정적 추론
걱정되니까 언젠가 큰일이 터질 것 같아.,감정적 추론
질투나니까 미래엔 더 힘들어질 것 같아.,감정적 추론
답답하니까 결국 망하게 될 것 같아.,감정적 추론
외로우니까 앞으로도 내 편은 없을 것 같아.,감정적 추론
답답하니까 평생 고통받을 것 같아.,감정적 추론
혼란스러워서 평생 고통받을 것 같아.,감정적 추론
걱정되니까 앞으로 기대할 게 없을 것 같아.,감정적 추론
초조하니까 꿈이 무너질 것 같아.,감정적 추론
실망스러우니까 앞으로도 힘들기만 할 것 같아.,감정적 추론
외로우니까 시간이 지나도 나아지지 않을 것 같아.,감정적 추론
질투나니까 미래엔 사랑도 없을 것 같아.,감정적 추론
외로우니까 미래에는 아무것도 이루지 못할 것 같아.,감정적 추론
초조하니까 평생 고통받을 것 같아.,감정적 추론
속상하니까 미래에는 희망이 보이지 않을 것 같아.,감정적 추론
속상하니까 미래엔 희망이 없을 것 같아.,감정적 추론
속상하니까 남은 건 불행뿐일 것 같아.,감정적 추론
화가 나니까 앞으로 행복해질 리 없을 것 같아.,감정적 추론
답답하니까 앞으로 남은 건 절망뿐일 것 같아.,감정적 추론
불안하니까 앞으로 어떤 시도도 실패할 것 같아.,감정적 추론
실망스러우니까 지금의 고통이 끝나지 않을 것 같아.,감정적 추론
화가 나니까 앞으로 잘되는 건 불가능할 것 같아.,감정적 추론
절망스러워서 노력해도 아무 소용 없을 것 같아.,감정적 추론
무기력하니까 앞으로도 슬픔만 이어질 것 같아.,감정적 추론
당황해서 앞으로 나아질 리 없을 것 같아.,감정적 추론
질투나니까 앞으로 좋은 일은 없을 것 같아.,감정적 추론
우울하니까 앞으로도 외롭기만 할 것 같아.,감정적 추론
우울하니까 앞으로도 실패자로 남을 것 같아.,감정적 추론
분하니까 앞으로도 실패자로 남을 것 같아.,감정적 추론
지치니까 앞으로 어떤 시도도 실패할 것 같아.,감정적 추론
찝찝하니까 앞으로도 혼란스럽기만 할 것 같아.,감정적 추론
답답하니까 앞으로도 내 편은 없을 것 같아.,감정적 추론
죄책감 드니까 앞으로도 혼란스럽기만 할 것 같아.,감정적 추론
긴장돼서 앞으로 좋은 일은 없을 것 같아.,감정적 추론
속상하니까 앞으로도 자신감이 생기지 않을 것 같아.,감정적 추론
혼란스러워서 앞으로 나아질 리 없을 것 같아.,감정적 추론
부담돼서 미래에는 좋은 일이 일어나지 않을 것 같아.,감정적 추론
절망스러워서 앞으로도 노력해도 변화가 없을 것 같아.,감정적 추론
소외감을 느끼니까 앞으로 행복해질 리 없을 것 같아.,감정적 추론
실망스러우니까 시간이 지나도 나아지지 않을 것 같아.,감정적 추론
두려우니까 미래엔 더 나빠질 뿐일 것 같아.,감정적 추론
분하니까 미래에는 아무것도 이루지 못할 것 같아.,감정적 추론
죄책감 드니까 앞으로도 실패만 거듭할 것 같아.,감정적 추론
분하니까 앞으로도 외롭기만 할 것 같아.,감정적 추론
찝찝하니까 미래엔 더 힘들어질 것 같아.,감정적 추론
부담돼서 꿈이 무너질 것 같아.,감정적 추론
허탈하니까 앞으로도 힘들기만 할 것 같아.,감정적 추론
지치니까 미래엔 더 나빠질 뿐일 것 같아.,감정적 추론
혼란스러워서 앞으로 기대할 게 없을 것 같아.,감정적 추론
부담돼서 노력해도 아무 소용 없을 것 같아.,감정적 추론
두려우니까 미래에는 희망이 보이지 않을 것 같아.,감정적 추론
긴장돼서 앞으로도 고통이 이어질 것 같아.,감정적 추론
당황해서 미래엔 실패만 있을 것 같아.,감정적 추론
화가 나니까 미래엔 한 줄기 빛도 없을 것 같아.,감정적 추론
답답하니까 미래엔 더 나빠질 뿐일 것 같아.,감정적 추론
혼란스러워서 지금의 고통이 끝나지 않을 것 같아.,감정적 추론
찝찝하니까 앞으로도 내 편은 없을 것 같아.,감정적 추론
화가 나니까 앞으로도 실패만 거듭할 것 같아.,감정적 추론
소외감을 느끼니까 더 나빠지기만 할 것 같아.,감정적 추론
속상하니까 앞으로도 노력해도 변화가 없을 것 같아.,감정적 추론
소외감을 느끼니까 미래엔 한 줄기 빛도 없을 것 같아.,감정적 추론
실망스러우니까 나중에는 더 최악일 것 같아.,감정적 추론
속상하니까 앞으로도 내 편은 없을 것 같아.,감정적 추론
답답하니까 앞으로 잘되는 건 불가능할 것 같아.,감정적 추론
부담돼서 앞으로도 자신감이 생기지 않을 것 같아.,감정적 추론
초조하니까 더 나빠지기만 할 것 같아.,감정적 추론
창피해서 앞으로도 자신감이 생기지 않을 것 같아.,감정적 추론
걱정되니까 앞으로 나를 기다리는 건 불행뿐일 것 같아.,감정적 추론
찝찝하니까 앞으로도 불행뿐일 것 같아.,감정적 추론
답답하니까 앞으로도 실패자로 남을 것 같아.,감정적 추론
속상하니까 평생 후회만 할 것 같아.,감정적 추론
찝찝하니까 앞으로 행복해질 리 없을 것 같아.,감정적 추론
당황해서 앞으로도 실패만 거듭할 것 같아.,감정적 추론
부담돼서 미래엔 실패만 있을 것 같아.,감정적 추론
긴장돼서 항상 혼자 남을 것 같아.,감정적 추론
초조하니까 미래엔 더 나빠질 뿐일 것 같아.,감정적 추론
걱정되니까 앞으로도 내 편은 없을 것 같아.,감정적 추론
실망스러우니까 앞으로 행복해질 리 없을 것 같아.,감정적 추론
